Returned,Order ID
1,US-2015-SH1997555-42052
1,TU-2012-AJ960134-40990
1,MX-2012-DS1318018-41081
1,ES-2014-MW1822048-41998
1,TU-2015-CS2355134-42101
1,CA-2014-JF15565140-41686
1,US-2013-KA1652582-41360
1,IT-2015-Dl1360048-42209
1,CA-2015-TD20995140-42118
1,SG-2015-AG495111-42164
1,ES-2013-SC20305139-41480
1,RO-2015-SA10830107-42012
1,CA-2014-CL12565140-41768
1,CA-2012-KC16675140-41255
1,AJ-2013-SG108909-41580
1,CA-2015-JF15415140-42367
1,ES-2013-GT1475545-41597
1,TU-2014-EG3900134-41794
1,IN-2014-NB1865527-41858
1,SA-2013-SC10260110-41451
1,AO-2013-JE57454-41544
1,US-2012-JP155205-41153
1,ES-2015-CC1210045-42182
1,MX-2013-EH1412555-41276
1,TU-2014-PK8910134-41798
1,ES-2014-JP16135139-41899
1,TU-2012-FG4260134-41177
1,CA-2013-JK16120140-41551
1,CA-2015-NC18535140-42096
1,IV-2014-AM70529-41678
1,MX-2012-TZ2158093-40955
1,MX-2013-HF1499518-41423
1,US-2013-TS2134055-41356
1,IR-2013-CM193560-41296
1,TU-2014-JW5220134-41755
1,CA-2012-MC17425140-41058
1,IN-2014-SC205757-41662
1,TU-2013-AH585134-41367
1,MX-2012-AH1003082-41251
1,IN-2013-JC157757-41310
1,ES-2014-RB1964545-41859
1,IT-2015-AR1082545-42290
1,IN-2012-GG1465027-40992
1,CA-2014-RD19900140-41960
1,CA-2015-PK19075140-42316
1,ES-2015-LS1723045-42159
1,IT-2013-DJ1351064-41352
1,US-2013-CD1198055-41594
1,US-2012-AB1025582-40928
1,ES-2015-AM10705120-42213
1,ES-2015-SL2015545-42335
1,US-2015-TT21220140-42186
1,SI-2015-SM10005115-42252
1,CA-2012-PB19150140-41254
1,ES-2012-MO17950120-41137
1,CA-2015-DK13090140-42279
1,ES-2015-AS1004564-42028
1,NI-2014-CG204095-41856
1,NI-2013-DB321095-41521
1,MX-2012-DM1301593-40971
1,CA-2012-HP14815140-41236
1,IN-2014-ML177557-41922
1,IN-2015-JF1549078-42334
1,IN-2015-BE1141027-42249
1,MX-2013-CC1243082-41634
1,IT-2013-GT14710125-41392
1,CA-2014-MG17890140-41703
1,IT-2015-EK13795139-42277
1,MX-2012-AH1012082-41226
1,US-2014-DR12880140-41723
1,MX-2014-FA1423055-41976
1,CA-2015-TS21505140-42316
1,ES-2013-CM124458-41375
1,IN-2015-CR126257-42046
1,US-2013-PT1909018-41418
1,RO-2014-ND8370107-41839
1,CA-2015-LW17215140-42348
1,ES-2014-AB10165139-41888
1,IN-2014-AO108107-41721
1,EG-2015-NF838538-42060
1,IT-2015-JW1522091-42234
1,TU-2014-JF5565134-41818
1,CA-2014-PF19225140-41817
1,CA-2015-SC20380140-42039
1,TU-2015-EN3780134-42164
1,ES-2015-RA1994545-42218
1,MX-2015-SP2065082-42257
1,CA-2014-EH13945140-41655
1,KG-2015-RH955570-42340
1,ID-2015-MG1814592-42132
1,SA-2013-JD6150110-41600
1,MX-2012-NG1843018-41201
1,IN-2014-BT1168027-41815
1,IN-2013-NC1834058-41385
1,ID-2015-JG15310130-42133
1,SF-2012-AG675117-40976
1,IR-2014-BN151560-41880
1,TU-2015-SW10275134-42311
1,CA-2014-CK12595140-41711
1,CA-2015-KH16330140-42329
1,IT-2012-MC1742548-41177
1,US-2013-KB16315140-41318
1,NI-2013-EH376595-41500
1,IN-2015-DK12985144-42112
1,GG-2012-BS159047-41184
1,ES-2015-GG1465048-42245
1,IN-2015-LA16780102-42095
1,ZA-2014-LS6945147-41672
1,IR-2012-SS1051560-41125
1,IN-2015-AS102857-42217
1,ES-2015-CW11905139-42288
1,ES-2015-AM10705120-42017
1,ES-2014-JP1552045-41871
1,IZ-2015-MO795061-42271
1,CA-2012-AJ10780140-41212
1,CA-2015-HM14980140-42122
1,IN-2015-SS2059059-42236
1,MX-2014-BM1114055-41961
1,IN-2013-JM152657-41576
1,MX-2014-SZ2003531-41822
1,SF-2013-KN6390117-41614
1,IN-2013-MF176657-41300
1,TU-2015-SW10350134-42024
1,ES-2014-EB13930139-41962
1,IN-2014-LC168857-41747
1,IN-2012-GM1444027-41128
1,IN-2012-PR1888058-41013
1,MO-2014-MO795086-41706
1,IN-2015-DL1292558-42167
1,MX-2012-RE1940539-41195
1,ID-2015-LS172007-42133
1,US-2012-CV12295140-40995
1,CA-2012-CM11815140-41226
1,SF-2012-MH7440117-41065
1,IN-2013-MH180257-41443
1,US-2012-BF11170140-41266
1,US-2013-HG14845140-41530
1,SF-2014-EL3735117-41875
1,ID-2014-AG1076527-41872
1,BN-2012-RW963015-41216
1,CA-2014-TT21265140-41915
1,ML-2013-GW460579-41403
1,US-2015-JE15610140-42321
1,IN-2015-VB217451-42349
1,ES-2015-SF20200139-42229
1,MX-2014-CW1190593-41788
1,ES-2015-BB1154548-42336
1,IS-2014-RA928563-41916
1,ES-2015-JC1577548-42328
1,MX-2013-JM156555-41549
1,ZA-2014-JW6075146-41739
1,CA-2015-RA19915140-42357
1,TU-2013-DL2925134-41534
1,IT-2013-VW2177545-41580
1,TU-2015-SC10050134-42216
1,CA-2014-DL13330140-41941
1,ID-2015-NR18550102-42078
1,ES-2015-LD1685548-42185
1,MX-2014-Dp1324082-41960
1,MX-2014-KA1652539-41922
1,EG-2014-CS186038-41690
1,ES-2015-AR1051045-42234
1,CA-2014-JH15985140-41888
1,UP-2014-LL6840137-41670
1,ES-2014-JB1600048-41856
1,ES-2012-AB1016545-40957
1,ES-2013-MN1793548-41466
1,CA-2013-TC21475140-41391
1,CA-2013-NF847523-41549
1,CA-2012-SH20395140-41214
1,US-2014-PK19075140-41907
1,CA-2014-TS21160140-41702
1,IN-2014-DB1321027-41899
1,NI-2015-MK790595-42144
1,ES-2015-HJ14875139-42013
1,CM-2012-SC1068022-41009
1,ID-2015-CS123557-42328
1,MX-2015-RH1951082-42262
1,ID-2015-EJ1415592-42299
1,MO-2015-AB60086-42173
1,MX-2015-QJ1925551-42255
1,IN-2014-OT187307-41944
1,IN-2012-SB2018559-41157
1,IN-2012-JR1567027-41031
1,IT-2014-AT1043591-41795
1,IN-2013-GM1445527-41622
1,MX-2015-KC1625582-42259
1,US-2015-HG1484551-42171
1,MX-2015-DA1345051-42180
1,RS-2015-GG4650108-42102
1,CA-2015-JB16045140-42362
1,US-2014-VM21835140-41772
1,ES-2014-TS2116045-41817
1,US-2012-TH21235140-41216
1,ID-2014-TB2125059-41973
1,KZ-2015-RM975068-42228
1,ES-2015-PS1897045-42179
1,IN-2012-SG206057-40978
1,IT-2015-DB13555139-42063
1,CA-2013-VD21670140-41583
1,CA-2015-NG18355140-42235
1,IN-2012-PB19210127-41259
1,CA-2015-DO13645140-42343
1,CA-2013-ES14020140-41384
1,US-2014-JE1574555-41971
1,IN-2013-CD1228058-41311
1,MX-2015-DK1289526-42090
1,ES-2014-MC1760548-41900
1,IN-2015-LH171557-42294
1,SF-2014-JD6060117-41648
1,IN-2013-CL1270027-41555
1,SF-2015-RS9765117-42224
1,MX-2012-AW1084082-41192
1,CA-2014-BD11620140-41999
1,IT-2012-BD1172591-40992
1,ES-2015-BT1139564-42088
1,US-2013-MW1822036-41387
1,IR-2014-SM1095060-41746
1,MX-2012-YS2188093-41060
1,CA-2013-GB14530140-41528
1,SF-2013-BD1620117-41376
1,CA-2013-EM13960140-41548
1,CA-2015-AD10180140-42340
1,ES-2015-WB21850139-42248
1,ET-2014-SV1081543-41814
1,MX-2015-HG1484536-42070
1,CA-2014-EM14140140-41822
1,ES-2012-JH16180139-41090
1,MX-2015-LA1678051-42286
1,ES-2014-MC1810045-41982
1,TU-2014-SF10965134-41992
1,CG-2015-PV898533-42225
1,ES-2015-BF11170139-42174
1,IT-2012-MP1817545-41040
1,CA-2012-DP13165140-41244
1,IN-2015-ML1739559-42369
1,CA-2012-JG15115140-41189
1,IT-2015-DM1301564-42167
1,IN-2013-AS1028558-41354
1,ES-2012-MP1817564-41187
1,US-2012-CS1246036-41247
1,ES-2014-HG1502548-41783
1,CA-2015-JE15745140-42111
1,RW-2015-BG1740109-42353
1,BO-2014-KH636013-41859
1,US-2013-HD1478555-41565
1,IN-2015-DB13405144-42341
1,CA-2013-TC21535140-41536
1,US-2012-JF15490140-41269
1,IZ-2014-CA205561-41816
1,ES-2013-WB2185064-41587
1,ES-2014-EJ1415545-41901
1,CA-2014-TC21295140-41800
1,IN-2014-LS172307-41954
1,MX-2012-MM1805531-40978
1,US-2015-DH13075140-42092
1,CA-2015-SC20725140-42182
1,IN-2015-BK1126027-42341
1,IT-2013-BW11065139-41370
1,MX-2014-BE1145531-41650
1,ES-2015-JK1564064-42297
1,IN-2014-BD116207-41650
1,CA-2015-HG15025140-42363
1,SF-2015-CD1920117-42055
1,CA-2012-DB13360140-41231
1,US-2014-DL12925101-41646
1,ID-2015-SS205907-42361
1,BU-2012-EH394519-41265
1,CA-2014-BD11620140-41707
1,US-2012-DK1289598-41166
1,AG-2014-CP20853-41889
1,IR-2012-JF529560-40988
1,CA-2012-RH19495140-41143
1,ID-2012-TH21100118-41125
1,NI-2014-JK562595-41779
1,NI-2012-SP1086095-41090
1,CA-2012-RB19645140-41143
1,IT-2015-JK1609048-42097
1,CA-2013-JD15895140-41620
1,MX-2015-PO1885082-42279
1,UP-2015-RK9300137-42341
1,ES-2015-JC16105139-42173
1,ZA-2015-SW10350146-42061
1,MX-2013-MC1759039-41577
1,US-2012-DB1327036-41021
1,ID-2014-SC2026092-41894
1,IN-2013-MG176957-41542
1,IN-2014-DM1301527-41919
1,IZ-2015-JM525061-42235
1,CA-2015-EB13750140-42111
1,CA-2014-ES14080140-41737
1,ES-2015-KB1660096-42048
1,IN-2012-ES1408027-40941
1,ES-2014-MG17680120-41867
1,ES-2012-TT2146045-41014
1,ES-2015-MY17380120-42316
1,US-2013-GA1472598-41599
1,US-2014-LH1675055-41840
1,ID-2014-CS11860102-41858
1,US-2014-KD16495140-41976
1,US-2012-TS2108536-41070
1,IN-2014-AC1061558-41808
1,ES-2012-MZ1751545-41262
1,US-2013-GM14500101-41366
1,IN-2015-SL2015558-42222
1,CA-2012-EH13765140-41199
1,ES-2014-CY1274564-41726
1,MX-2013-TB2128039-41278
1,IN-2015-AT1043559-42243
1,IN-2015-NK1849058-42154
1,IN-2015-RD1948011-42109
1,CA-2013-AI10855140-41628
1,MX-2015-SZ2003536-42216
1,IR-2012-DV304560-40929
1,CA-2014-JM15535140-41998
1,CA-2013-SG20080140-41578
1,SF-2012-CC2685117-41263
1,IN-2014-EM1382566-41850
1,IN-2015-PR1888027-42125
1,EG-2012-NM844538-41002
1,ID-2015-AA1064559-42332
1,EG-2014-SB1018538-41944
1,SF-2013-PF9165117-41490
1,CA-2015-DV13045140-42350
1,IN-2012-TR2132527-41188
1,US-2013-DR12940140-41635
1,ID-2012-JE1574559-41234
1,ES-2015-MM1792045-42199
1,CA-2014-TB21280140-41786
1,MX-2015-BD1172537-42330
1,MX-2012-KT1646518-41017
1,CA-2014-AM10360140-41837
1,IN-2012-GT1471058-41158
1,IN-2012-TS2150559-40990
1,IR-2015-CA196560-42201
1,CA-2015-AG10900140-42126
1,NI-2012-DV304595-41121
1,MX-2013-EM1381018-41552
1,MX-2014-SJ2012539-41908
1,US-2014-DA134505-41926
1,CA-2014-LF17185140-41933
1,US-2015-SC20050140-42278
1,IN-2012-MP179657-41242
1,US-2014-BW1120018-41979
1,CA-2012-FP14320140-41251
1,US-2013-EJ1372018-41628
1,MX-2015-FG142605-42318
1,IN-2015-TW2102578-42063
1,IN-2014-SR2074027-41767
1,IN-2015-MB180857-42172
1,SI-2014-TC10980115-41955
1,US-2015-TZ2144518-42259
1,CG-2014-ML775533-41740
1,ID-2014-CJ1187592-41831
1,CA-2012-CM12715140-41177
1,IN-2012-CM1223527-41248
1,CA-2014-NS18505140-41968
1,CA-2013-SM20950140-41627
1,NI-2012-BM114095-41061
1,IN-2015-PS1904558-42272
1,MX-2013-SS2059093-41565
1,ES-2014-EB1397564-41814
1,ES-2014-DB1327045-41689
1,IN-2015-AA1031558-42361
1,ES-2014-AH10585139-41920
1,CA-2012-NC18535140-41112
1,MX-2012-PM1894031-41208
1,ES-2015-PC1900045-42227
1,EG-2015-AY55538-42121
1,ID-2013-GZ144707-41467
1,AE-2014-MY7380138-42004
1,CA-2014-NZ18565140-41964
1,CA-2014-CY12745140-41867
1,TU-2014-SD10485134-41771
1,CA-2013-AH10690140-41639
1,ES-2013-PB1915034-41373
1,ES-2012-GH14485139-41054
1,IN-2012-TB2162588-41177
1,MX-2014-ML1741039-41935
1,ID-2014-RD197207-41776
1,IN-2015-KM163757-42342
1,ID-2014-KD1649559-41807
1,ID-2013-TC2114527-41594
1,IN-2015-VP2173058-42024
1,MX-2015-CL1270093-42180
1,ID-2015-GM1445592-42334
1,IN-2013-NP186707-41474
1,ES-2015-BE11410120-42225
1,IT-2013-CA1205591-41545
1,US-2015-LH16900140-42348
1,CA-2015-EH14125140-42035
1,ID-2014-RP1927059-41918
1,MX-2014-EH1418518-41915
1,MX-2012-MF1766582-41174
1,ES-2012-AR104058-41127
1,ES-2015-CL1189064-42356
1,IN-2015-GB145307-42260
1,ES-2014-BD1132048-41992
1,PL-2014-BM1650103-41888
1,US-2015-TC2114555-42166
1,IN-2013-CC1261027-41286
1,HU-2015-JP552057-42249
1,US-2012-AH1046536-41234
1,CA-2012-LT16765140-41152
1,MX-2014-TM2149039-41923
1,CA-2014-AB10255140-41936
1,ES-2015-BM1165045-42176
1,MX-2013-JP1552082-41440
1,ES-2012-TB21190139-40992
1,ID-2015-NP18685102-42224
1,ID-2014-JF153557-41649
1,CA-2014-LS16945140-41912
1,ID-2015-CJ1187597-42147
1,MX-2013-PT1909082-41579
1,MX-2013-RW1963082-41528
1,US-2015-LR1691518-42180
1,IT-2015-DK12895124-42312
1,ES-2015-BM1157545-42276
1,IN-2015-JH158207-42140
1,US-2012-SC20260140-41165
1,IN-2015-MH1811558-42185
1,IN-2014-SH2063527-41858
1,ES-2014-JK1609064-41800
1,MX-2012-AH1046539-41185
1,ID-2015-BG1169588-42012
1,ID-2014-DB132107-41934
1,CA-2013-DP13165140-41557
1,CA-2014-BT11680140-41751
1,CA-2013-RH19510140-41544
1,IN-2015-Dl1360058-42364
1,IZ-2013-GZ454561-41314
1,BU-2014-MH745519-41670
1,MX-2012-RL1961539-40965
1,ES-2013-GT14710139-41614
1,IN-2015-MH1811592-42116
1,IT-2015-RB19570120-42181
1,CA-2014-ON18715140-41959
1,ES-2012-VG2180548-41175
1,CA-2012-SA20830140-41210
1,ID-2012-RB193307-41261
1,MX-2012-DP1316582-41234
1,US-2015-GZ14545140-42212
1,ES-2014-LP17095139-41772
1,IT-2015-AR10345139-42116
1,ID-2013-GZ14545130-41605
1,IN-2013-JR1570058-41441
1,US-2014-MH1811554-41900
1,MX-2013-JR1621037-41627
1,ID-2014-CK1220527-41948
1,US-2012-GH1442598-41140
1,CA-2015-MG18145140-42285
1,US-2012-KT16465140-41168
1,US-2015-AG1052582-42355
1,US-2015-EB13930140-42208
1,CA-2015-EB13705140-42321
1,US-2014-SP20860140-41968
1,BN-2014-KB631515-41904
1,IN-2014-NM1844527-41800
1,AO-2013-SF102004-41628
1,IN-2015-SS2059059-42364
1,CA-2013-MS17830140-41478
1,ES-2014-DK1298548-41711
1,CA-2012-AG10525140-41153
1,US-2014-FO14305140-41944
1,MX-2012-BF1127582-41039
1,MX-2014-DW1358531-41779
1,EG-2013-VG1179038-41590
1,MX-2014-KL1664593-41733
1,TU-2015-SV10785134-42340
1,ES-2015-HG14965120-42080
1,CA-2012-RP19270140-41200
1,MX-2014-SK1999082-41922
1,ES-2012-TB2162545-41262
1,US-2013-ON18715140-41411
1,ID-2012-NB1858092-41241
1,ID-2013-AO1081059-41556
1,IN-2015-AW1084058-42083
1,CA-2015-JH15430140-42329
1,MO-2013-JW607586-41520
1,NI-2015-JG516095-42235
1,MX-2015-CM1244582-42354
1,NI-2015-BP105095-42249
1,ES-2013-DE1325545-41278
1,IN-2015-IG1508566-42228
1,MX-2015-DG1330093-42319
1,IN-2015-CD1192059-42326
1,IN-2013-TH2111558-41488
1,ES-2015-RA1994548-42249
1,ES-2014-SC2002045-41790
1,IN-2014-TS211607-41875
1,MX-2013-MF1766551-41402
1,MX-2015-CR1273051-42262
1,MX-2015-DP1316593-42293
1,ES-2013-HG14965120-41571
1,CA-2012-RD19585140-41000
1,IN-2014-PB19210130-41872
1,ES-2015-CB1202545-42041
1,ID-2014-KB16600144-41986
1,TU-2015-EB3840134-42326
1,ES-2013-HM1498064-41289
1,MX-2014-HE1480082-41851
1,ES-2015-ES1402045-42032
1,NI-2014-MH745595-41696
1,IN-2013-MA1799559-41314
1,ES-2015-AS1024064-42297
1,IN-2012-JH1591027-41262
1,CA-2012-LE16810140-41258
1,IT-2014-BS1166562-41864
1,IR-2014-BD162060-41820
1,ES-2013-PB18805120-41591
1,IN-2014-AJ109457-41793
1,MX-2015-DB1336018-42280
1,MX-2014-AG1076539-41887
1,ID-2014-CT11995118-41810
1,MX-2012-BD1163582-41249
1,IR-2012-FH436560-41114
1,ES-2013-BF1100591-41501
1,ID-2015-RD1993092-42140
1,ES-2012-SC208458-41070
1,TU-2015-LP7080134-42185
1,IN-2014-HM1486092-41679
1,MO-2015-AB25586-42117
1,IN-2014-TB2162558-41724
1,US-2012-DK1283536-40939
1,IN-2013-PS187607-41402
1,ES-2014-MG18205139-41867
1,CA-2014-ND18370140-41963
1,US-2015-CB1202582-42305
1,MX-2015-MY1829582-42321
1,CA-2015-SP20860140-42276
1,ES-2012-KB162408-41191
1,IN-2015-JW1595527-42190
1,ES-2015-AT1073545-42367
1,KZ-2012-PR888068-41144
1,MX-2015-EH1418531-42166
1,CA-2013-BM11575140-41532
1,MX-2014-LL1684039-41853
1,IN-2015-DB13660102-42089
1,CA-2013-BP11095140-41481
1,IN-2013-PR1888027-41430
1,ES-2015-EB1417064-42012
1,US-2015-ME17320140-42322
1,TU-2013-SF10200134-41417
1,ML-2014-BD177079-41893
1,US-2014-GK14620101-41744
1,IN-2014-LM1706566-41893
1,NI-2013-JB600095-41621
1,CA-2014-TS21655140-41999
1,CA-2015-OT18730140-42304
1,CA-2013-SS20515140-41479
1,IT-2013-DK1298564-41618
1,MX-2013-SO2033526-41400
1,CA-2014-BM11575140-41964
1,US-2015-JH1543055-42328
1,EZ-2012-PS904532-41150
1,CA-2012-LR16915140-41128
1,ES-2013-TP2156545-41598
1,EK-2014-EP391540-41947
1,US-2013-SJ2021582-41543
1,ID-2014-CV1280527-41773
1,IN-2014-DW1319559-41730
1,CA-2015-MV17485140-42333
1,IN-2012-SC2069559-41248
1,IN-2015-JP1546058-42258
1,US-2015-CG1252055-42316
1,IN-2013-SW202757-41585
1,ID-2015-HA1490592-42287
1,MX-2012-ME1732018-41164
1,IN-2012-RC198257-41167
1,MX-2012-AB1015093-41101
1,US-2015-SC2084582-42125
1,ES-2014-LC1705048-41718
1,MX-2014-KN1639082-41907
1,US-2012-JW1595555-41073
1,IT-2012-NF18385139-41237
1,ID-2014-MP1747059-41709
1,IN-2013-MM172607-41395
1,CA-2015-SC20305140-42245
1,US-2014-SC20230140-41873
1,CA-2015-HM14860140-42221
1,CA-2013-JC16105140-41520
1,MX-2013-CD1279082-41521
1,MO-2015-LA678086-42168
1,EG-2015-RM937538-42360
1,MX-2013-RL1961582-41572
1,SA-2015-MC7575110-42326
1,CG-2013-SC1030533-41538
1,NG-2015-JC577594-42260
1,ES-2013-MB1808545-41629
1,MX-2015-BS1136518-42199
1,CA-2015-BP11095140-42352
1,IN-2013-JK1609027-41615
1,AL-2012-EM38252-41213
1,IT-2015-JS1603045-42229
1,CA-2012-KN16390140-41244
1,CA-2014-CL12565140-41788
1,ES-2015-MJ1774045-42168
1,TU-2012-CS1845134-41235
1,ES-2015-LT1711045-42025
1,AG-2014-CM21603-41755
1,MX-2012-BT1130582-41158
1,ES-2014-LL1684048-41986
1,MX-2015-SP2092055-42363
1,ES-2012-AB1060064-40927
1,UP-2014-AA645137-41807
1,IN-2015-DF1313559-42360
1,IN-2013-DR12880144-41384
1,US-2012-RB19435140-41237
1,CA-2013-EH13945140-41465
1,ID-2013-RW1954097-41476
1,CA-2015-LW17215140-42106
1,CA-2013-GB14530140-41583
1,ES-2014-JD1606045-41699
1,ID-2015-MG1768092-42032
1,ES-2012-MR1754564-41157
1,ID-2014-RH1949559-41984
1,MX-2015-AG1052518-42357
1,US-2013-LB1679555-41462
1,IN-2012-CG1204027-41252
1,IN-2014-TB2140066-41873
1,IN-2015-PB191057-42281
1,ID-2012-LH1715592-41091
1,ES-2014-KT1646548-41678
1,CA-2014-BM11785140-41835
1,IN-2015-JH159857-42221
1,IN-2015-CR128207-42270
1,ES-2015-CM1223545-42327
1,ES-2012-DJ1351048-40923
1,IN-2015-SC20260130-42032
1,CA-2014-HF14995140-41761
1,CA-2015-PN18775140-42120
1,MX-2014-RR1931526-41951
1,NI-2012-SN1056095-41065
1,ID-2014-KH16690144-41991
1,CA-2014-BC11125140-41864
1,US-2015-DB1355598-42119
1,ID-2013-PB18805130-41421
1,IN-2012-JL151307-40988
1,NI-2015-EB411095-42174
1,MX-2014-DK1298518-41740
1,ES-2013-EC1405048-41520
1,CA-2014-JG15160140-41910
1,IN-2015-PS18760102-42263
1,CA-2012-BS11755140-41046
1,MX-2015-AS1028518-42351
1,IN-2014-SE2011066-41772
1,NI-2014-RA994595-41979
1,IT-2013-CA12310139-41538
1,CA-2014-ON18715140-41710
1,ES-2014-JF15295120-41924
1,MX-2014-JR1570036-41775
1,CA-2014-NS18640140-41985
1,IN-2015-GM1445558-42273
1,US-2013-AB10105101-41446
1,MX-2014-ML1775593-41795
1,MX-2013-DW1348051-41548
1,US-2015-CR12820140-42284
1,IZ-2015-EH412561-42161
1,CA-2015-SR20425140-42361
1,CA-2015-SG20605140-42120
1,CA-2013-FC14335140-41409
1,CA-2012-AZ10750140-40992
1,IN-2014-BG110357-41735
1,IN-2012-ST2053058-41058
1,IN-2015-RH1949559-42257
1,MA-2012-TZ1144577-41037
1,SA-2013-GM4680110-41328
1,ES-2015-CS1235548-42010
1,CA-2015-AJ10945140-42248
1,IN-2014-VF2171527-41819
1,IN-2014-DJ1342058-41646
1,CA-2013-AG10495140-41571
1,MX-2013-SW2027536-41587
1,IN-2014-SH19975130-41975
1,EG-2015-CM211538-42144
1,ES-2014-AG1039045-41685
1,CA-2015-LW16990140-42336
1,MX-2015-SV2078582-42347
1,ES-2012-PM1894045-41145
1,ES-2013-DB1297045-41458
1,IN-2012-LH1715559-40968
1,ES-2014-RS1942048-41831
1,US-2013-PF1916582-41445
1,ES-2015-EB141108-42267
1,ID-2013-AB1001527-41439
1,CA-2012-CM11815140-41273
1,ID-2015-RM197507-42129
1,CA-2013-MV17485140-41450
1,IT-2014-DO1364591-41870
1,ES-2014-DM13015120-41856
1,US-2014-LB16795140-41957
1,IN-2014-BS1159027-42000
1,ES-2015-BN1151545-42304
1,ES-2012-AA1064564-41268
1,US-2012-CW1190536-41241
1,US-2013-BB1099036-41379
1,RS-2015-TB11520108-42126
1,CA-2012-SC20095140-41174
1,MX-2012-MO1750016-41222
1,ES-2013-TB2162548-41374
1,ES-2015-AB1016545-42356
1,IT-2013-KH1669045-41490
1,MX-2012-TG2131018-41132
1,CA-2012-IM15055140-40932
1,US-2015-PN18775140-42339
1,MX-2014-TG216405-41952
1,US-2015-GT1471055-42299
1,ES-2013-BF1117048-41527
1,ES-2015-SV20935139-42369
1,IN-2014-CL1189066-41999
1,US-2014-BG11695140-42001
1,IT-2014-JG15115104-41952
1,CA-2015-VW21775140-42326
1,CA-2015-GK14620140-42257
1,IN-2015-AH1069027-42181
1,LO-2012-JL5850114-41121
1,SA-2012-LC6870110-41121
1,ID-2015-ST205307-42336
1,ES-2012-ER13855120-41159
1,IN-2014-DW131957-41982
1,CA-2014-ES14020140-41802
1,MX-2014-PO1886593-41642
1,ES-2015-LO17170139-42166
1,US-2014-AJ1078018-41752
1,CA-2012-PC18745140-41273
1,MX-2012-KD1634518-40977
1,ES-2015-MJ17740139-42073
1,IN-2013-EJ13720113-41608
1,CA-2013-EB14110140-41377
1,CA-2014-CP12340140-41808
1,ID-2013-AS1022559-41392
1,ID-2013-BT115307-41508
1,MX-2012-AW1093031-40912
1,ID-2015-EN137807-42312
1,IT-2012-GD1459091-40988
1,IN-2015-DK1337566-42155
